{"run_time": 10.853946924209595, "precision": 0.08333333333333333, "recall": 0.06521739130434782, "bic_score": -19880286.914360054, "_wandb": {"runtime": 47}}