{"run_time": 0.004056215286254883, "precision": 0.25, "recall": 0.25, "bic_score": -2124315.5058276867, "_wandb": {"runtime": 6}}