{"run_time": 9.24257755279541, "precision": 0.25, "recall": 0.25, "bic_score": -2124562.4510348523, "_wandb": {"runtime": 14}}