{"run_time": 10.715407371520996, "precision": 0.08333333333333333, "recall": 0.06521739130434782, "bic_score": -19883590.120697204, "_wandb": {"runtime": 46}}