{"run_time": 8.734805583953857, "precision": 0.25, "recall": 0.25, "bic_score": -2125413.948693417, "_wandb": {"runtime": 14}}