{"run_time": 0.004584550857543945, "precision": 0.25, "recall": 0.25, "bic_score": -2123077.0575654306, "_wandb": {"runtime": 6}}