{"run_time": 9.09756851196289, "precision": 0.25, "recall": 0.25, "bic_score": -2123579.677614931, "_wandb": {"runtime": 14}}