{"run_time": 0.007855892181396484, "precision": 0.25, "recall": 0.25, "bic_score": -2123074.4315389404, "_wandb": {"runtime": 6}}